Model,Accuracy
Logistic Regression,0.6666666666666666
Decision Tree,0.6190476190476191
Random Forest,0.7619047619047619
